,Name,Gender,City,State,Email,DOB,Picture
0,Thea Thomsen,female,Jerslev Sj,Nordjylland,thea.thomsen@example.com,1982-08-28T03:54:34.203Z,https://randomuser.me/api/portraits/women/83.jpg
1,محمد سهيلي راد,male,گلستان,تهران,mhmd.shylyrd@example.com,1956-11-17T18:06:14.559Z,https://randomuser.me/api/portraits/men/50.jpg
2,Samuel Willis,male,Albury,New South Wales,samuel.willis@example.com,1945-03-04T14:37:53.321Z,https://randomuser.me/api/portraits/men/50.jpg
3,Arianna Evans,female,Toowoomba,New South Wales,arianna.evans@example.com,1951-10-17T21:26:43.168Z,https://randomuser.me/api/portraits/women/52.jpg
4,Özsu Akgül,female,Edirne,Balıkesir,ozsu.akgul@example.com,1984-01-07T12:08:37.773Z,https://randomuser.me/api/portraits/women/49.jpg
5,Olivia Pedersen,female,Ølstykke,Midtjylland,olivia.pedersen@example.com,1982-04-19T12:59:02.508Z,https://randomuser.me/api/portraits/women/72.jpg
6,Inmaculada Perez,female,Torrejón de Ardoz,Melilla,inmaculada.perez@example.com,1950-10-22T08:38:06.198Z,https://randomuser.me/api/portraits/women/71.jpg
7,Ralf-Peter Walker,male,Königslutter am Elm,Mecklenburg-Vorpommern,ralf-peter.walker@example.com,1997-03-12T18:41:49.053Z,https://randomuser.me/api/portraits/men/55.jpg
8,مهرسا سلطانی نژاد,female,ساری,کردستان,mhrs.sltnynjd@example.com,1997-07-16T13:34:24.872Z,https://randomuser.me/api/portraits/women/76.jpg
9,Esat Gönültaş,male,Ağrı,Kocaeli,esat.gonultas@example.com,1974-05-20T19:45:47.872Z,https://randomuser.me/api/portraits/men/53.jpg
